{"stats":{"minecraft:picked_up":{"minecraft:mutton":1,"minecraft:dirt":2,"minecraft:white_wool":1},"minecraft:used":{"minecraft:mutton":1},"minecraft:custom":{"minecraft:time_since_rest":4888,"minecraft:crouch_one_cm":51,"minecraft:play_time":4888,"minecraft:sprint_one_cm":23508,"minecraft:damage_taken":50,"minecraft:walk_one_cm":5401,"minecraft:sneak_time":19,"minecraft:walk_under_water_one_cm":41,"minecraft:mob_kills":1,"minecraft:jump":140,"minecraft:damage_dealt":80,"minecraft:leave_game":1,"minecraft:time_since_death":4888,"minecraft:walk_on_water_one_cm":91,"minecraft:total_world_time":4888,"minecraft:swim_one_cm":419,"minecraft:fall_one_cm":6393,"minecraft:fly_one_cm":42945},"minecraft:killed":{"minecraft:sheep":1},"minecraft:mined":{"minecraft:grass":2,"minecraft:grass_block":3}},"DataVersion":3465}